직종코드,대분류,소분류
11100,경영/사무/금융,의회의원·고위공무원 및 공공단체임원
11200,경영/사무/금융,기업 고위임원
12100,경영/사무/금융,정부행정 관리자
12200,경영/사무/금융,경영지원 관리자
12201,경영/사무/금융,경영기획 부서장
12202,경영/사무/금융,인사·노무·교육·총무·감사 부서장
12203,경영/사무/금융,자재·구매 부서장
12204,경영/사무/금융,재무·회계·경리 부서장
12205,경영/사무/금융,기타 경영지원 서비스 관리자
12300,경영/사무/금융,마케팅·광고·홍보 관리자(부서장)
12400,경영/사무/금융,금융·보험 관리자(부서장)
13100,경영/사무/금융,연구 관리자
13200,경영/사무/금융,교육 관리자(부서장)
13300,경영/사무/금융,법률·경찰·소방·교도 관리자
13400,경영/사무/금융,보건·의료 관리자(부서장)
13500,경영/사무/금융,사회복지 관리자(부서장)
13600,경영/사무/금융,예술·디자인·방송 관리자(부서장)
13700,경영/사무/금융,정보통신 관리자(부서장)
13900,경영/사무/금융,부동산·조사·인력알선 및 기타 전문서비스 관리자
13901,경영/사무/금융,부동산·임대업 관리자
13902,경영/사무/금융,아파트 관리소장
13903,경영/사무/금융,빌딩 관리소장
13904,경영/사무/금융,"조사, 인력공급·알선 및 기타 전문서비스 관리자(부서장)"
14100,경영/사무/금융,미용·여행·숙박·스포츠 관리자
14101,경영/사무/금융,미용·여행·숙박 관리자
14102,경영/사무/금융,스포츠 관리자
14200,경영/사무/금융,음식서비스 관리자
14300,경영/사무/금융,경비·청소 관리자
14301,경영/사무/금융,경비 관리자
14302,경영/사무/금융,환경·청소 관리자
15100,경영/사무/금융,영업·판매 관리자
15101,경영/사무/금융,영업 관리자(영업소장·지점장)
15102,경영/사무/금융,판매 관리자(소규모 판매점장 제외)
15200,경영/사무/금융,운송 관리자(부서장)
15900,경영/사무/금융,각종 단체 및 기타 고객서비스 관리자
16100,경영/사무/금융,건설·채굴 관리자(부서장)
16200,경영/사무/금융,전기·가스·수도 관리자(부서장)
16300,경영/사무/금융,제조·생산 관리자
16301,경영/사무/금융,기계·금속·비금속 제조 관리자(공장장)
16302,경영/사무/금융,화학 제조 관리자(공장장)
16303,경영/사무/금융,섬유·의류 제조 관리자(공장장)
16304,경영/사무/금융,전기·전자 제조 관리자(공장장)
16305,경영/사무/금융,식품가공 제조 관리자(공장장)
16306,경영/사무/금융,기타 제품 제조 관리자(공장장)
16900,경영/사무/금융,기타 건설·전기 및 제조 관리자
16901,경영/사무/금융,수리·정비 관리자(부서장)
16902,경영/사무/금융,농림어업 및 기타 생산 관리자
21000,경영/사무/금융,정부·공공행정 전문가
22100,경영/사무/금융,경영 컨설턴트(M&A·창업·인증심사·FTA)
22201,경영/사무/금융,인사·노무 전문가
22202,경영/사무/금융,HRD·교육·훈련 전문가
23100,경영/사무/금융,회계사
23200,경영/사무/금융,세무사
23301,경영/사무/금융,관세사
23302,경영/사무/금융,FTA 원산지관리사
23400,경영/사무/금융,감정 전문가
23401,경영/사무/금융,감정평가사
23402,경영/사무/금융,감정사(문화재·보석·문서·음식료품 및 조향사)
24101,경영/사무/금융,광고·홍보 전문가
24102,경영/사무/금융,마케팅 전문가
24200,경영/사무/금융,조사 전문가
24301,경영/사무/금융,상품 기획자
24302,경영/사무/금융,머천다이저(MD)
24400,경영/사무/금융,행사 기획자
24401,경영/사무/금융,행사·이벤트 기획자
24402,경영/사무/금융,전시·회의 기획자
231400,경영/사무/금융,직업상담사
25100,경영/사무/금융,조세행정 사무원
25200,경영/사무/금융,관세행정 사무원
25300,경영/사무/금융,병무행정 사무원
25401,경영/사무/금융,국가·지방행정 사무원
25402,경영/사무/금융,군무원
25500,경영/사무/금융,공공행정 사무원
26100,경영/사무/금융,기획·마케팅 사무원
26101,경영/사무/금융,경영 기획 사무원
26102,경영/사무/금융,마케팅·광고·홍보·상품기획 사무원
26103,경영/사무/금융,영업 기획·관리·지원 사무원
26104,경영/사무/금융,분양·임대 사무원
26200,경영/사무/금융,인사·교육·훈련 사무원
26201,경영/사무/금융,인사 사무원
26202,경영/사무/금융,노무 사무원
26203,경영/사무/금융,교육·훈련 사무원
26300,경영/사무/금융,총무 사무원 및 대학 행정조교
26301,경영/사무/금융,총무 및 일반 사무원
26302,경영/사무/금융,병원행정 사무원(원무)
26303,경영/사무/금융,학교행정 사무원(교무)
26304,경영/사무/금융,대학 행정조교
26305,경영/사무/금융,협회·회원단체 사무원
26306,경영/사무/금융,기숙사사감 및 독서실·고시원 총무
26400,경영/사무/금융,감사 사무원
215200,경영/사무/금융,대학 교육 조교(TA) 및 연구 조교(RA)
222000,경영/사무/금융,법률 사무원
27100,경영/사무/금융,회계 사무원
27101,경영/사무/금융,재무 사무원
27102,경영/사무/금융,회계 사무원(회계·세무 사무소)
27103,경영/사무/금융,회계 사무원(일반 사업체)
27200,경영/사무/금융,경리 사무원
27201,경영/사무/금융,경리 사무원(무역)
27202,경영/사무/금융,경리 사무원(운수)
27203,경영/사무/금융,경리 사무원(건설)
27204,경영/사무/금융,경리 사무원(제조)
27205,경영/사무/금융,경리 사무원(회계·세무 사무소)
27206,경영/사무/금융,경리 사무원(일반사업체)
27207,경영/사무/금융,경리 사무원(아파트·빌딩)
27208,경영/사무/금융,단순 경리 사무원
28100,경영/사무/금융,무역 사무원
28101,경영/사무/금융,무역 사무원(영어)
28102,경영/사무/금융,무역 사무원(중국어)
28103,경영/사무/금융,무역 사무원(일본어)
28104,경영/사무/금융,무역 사무원(기타 언어)
28105,경영/사무/금융,관세 사무원
28106,경영/사무/금융,FTA 관리 사무원
28200,경영/사무/금융,운송 사무원
28201,경영/사무/금융,도로 운송 사무원(배차사무 포함)
28202,경영/사무/금융,철도·지하철 운송 사무원
28203,경영/사무/금융,항공 운송 사무원
28204,경영/사무/금융,수상 운송 사무원(해상 운송)
28300,경영/사무/금융,자재·구매·물류 사무원
28301,경영/사무/금융,자재·구매 사무원(건설)
28302,경영/사무/금융,자재·구매 사무원(기계·자동차·금속)
28303,경영/사무/금융,자재·구매 사무원(화학·섬유·의류)
28304,경영/사무/금융,자재·구매 사무원(전기·전자·컴퓨터)
28305,경영/사무/금융,자재·구매 사무원(음식료품)
28306,경영/사무/금융,자재·구매 사무원(일반 사업체)
28307,경영/사무/금융,창고 관리원(자재 검수원 포함)
28308,경영/사무/금융,물류 사무원(물류 관리사)
28400,경영/사무/금융,생산·품질 사무원
28401,경영/사무/금융,생산·품질 사무원 및 관리원(건설)
28402,경영/사무/금융,생산·품질 사무원 및 관리원(기계·자동차·금속)
28403,경영/사무/금융,생산·품질 사무원 및 관리원(화학·섬유·의료)
28404,경영/사무/금융,생산·품질 사무원 및 관리원(전기·전자·컴퓨터)
28405,경영/사무/금융,생산·품질 사무원 및 관리원(음식료품)
28406,경영/사무/금융,생산·품질 사무원 및 관리원(그 외 분야)
29100,경영/사무/금융,안내·접수원 및 전화교환원
29101,경영/사무/금융,"일반 예약·접수 사무원(AS,고장,가입 및 호텔,콘도 등 제외)"
29102,경영/사무/금융,예약·접수 사무원(A/S·고장·가입·신규발급·이전)
29103,경영/사무/금융,호텔·콘도·숙박시설 프론트 사무원
29104,경영/사무/금융,데스크 안내원
29105,경영/사무/금융,방송 안내원
29200,경영/사무/금융,고객 상담원 및 모니터 요원
29201,경영/사무/금융,콜센터 매니저
29202,경영/사무/금융,콜센터 상담원(콜센터·고객센터·CS센터)
29203,경영/사무/금융,고객 상담원(학원·학습지·유학·이민)
29204,경영/사무/금융,고객 상담원(금융·보험·부동산)
29205,경영/사무/금융,고객 상담원(스포츠·예식·항공·여행·숙박·오락)
29206,경영/사무/금융,고객 상담원(홈 및 인터넷쇼핑몰·택배·운송)
29207,경영/사무/금융,고객 상담원(백화점·마트)
29208,경영/사무/금융,고객 상담원(인터넷·통신)
29209,경영/사무/금융,고객 상담원(A/S·고장·제품사용)
29210,경영/사무/금융,병원 코디네이터
29211,경영/사무/금융,모니터 요원
29301,경영/사무/금융,통계 사무원
29302,경영/사무/금융,통계·설문 조사원(슈퍼바이저 포함)
29400,경영/사무/금융,비서
29500,경영/사무/금융,전산자료 입력원 및 사무 보조원
29501,경영/사무/금융,전산자료 입력원(DB·단순자료)
29502,경영/사무/금융,전산자료 입력원(약국·판매·대리점)
29503,경영/사무/금융,홈페이지 자료관리원(정보검색 포함)
29504,경영/사무/금융,HTML 코더
29505,경영/사무/금융,사무 보조원(공공기관)
29506,경영/사무/금융,사무 보조원(일반사업체)
29900,경영/사무/금융,기타 사무원
29901,경영/사무/금융,도서 정리원
29902,경영/사무/금융,출판·자료 편집 사무원
29903,경영/사무/금융,속기사
29904,경영/사무/금융,행정사·문서대행자
29905,경영/사무/금융,취업 알선원(직업소개소)
29906,경영/사무/금융,부동산 중개 보조 사무원
134301,경영/사무/금융,정보시스템 운영자
231400,경영/사무/금융,직업상담사
613000,경영/사무/금융,텔레마케터
31100,경영/사무/금융,투자·신용 분석가(애널리스트)
31200,경영/사무/금융,자산 운용가(펀드매니저)
31300,경영/사무/금융,보험·금융상품 개발자
31400,경영/사무/금융,증권·외환 딜러
31500,경영/사무/금융,손해사정사
31900,경영/사무/금융,"금융 컨설턴트, PB 등 기타 금융·보험 전문가"
32100,경영/사무/금융,은행 사무원(출납창구 제외)
32200,경영/사무/금융,증권 사무원(출납창구 제외)
32300,경영/사무/금융,보험 심사원 및 사무원
32400,경영/사무/금융,출납창구 사무원
32401,경영/사무/금융,출납창구 사무원(은행·농협·수협·축협)
32402,경영/사무/금융,출납창구 사무원(우체국·새마을금고)
32403,경영/사무/금융,출납창구 사무원(증권 및 기타 금융기관)
32500,경영/사무/금융,수금원 및 신용 추심원
32501,경영/사무/금융,수금원
32502,경영/사무/금융,신용 추심원(채권 관리원)
32503,경영/사무/금융,연체 안내원(체납 고지원)
32900,경영/사무/금융,"카드사·신협·새마을금고·할부사, 우체국(금융부문) 등 기타 사무원"
33100,경영/사무/금융,대출·신용카드 모집인
33200,경영/사무/금융,보험 모집인 및 투자 권유 대행인
33201,경영/사무/금융,보험 대리인 및 중개인
33203,경영/사무/금융,투자 권유 대행인
110100,연구/공학,인문과학 연구원
110200,연구/공학,사회과학 연구원
121100,연구/공학,자연과학 연구원
121200,연구/공학,자연과학 시험원
122101,연구/공학,생명과학 연구원
122102,연구/공학,농어업 연구원 및 기술자
122103,연구/공학,임업 및 산림 연구원 및 기술자
122200,연구/공학,생명과학 시험원
122300,연구/공학,농림어업 시험원
215200,연구/공학,대학 교육 조교(TA) 및 연구 조교(RA)
131100,연구/IT,컴퓨터 하드웨어 기술자 및 연구원
131200,연구/IT,통신공학 기술자 및 연구원
131201,연구/IT,통신기기·장비 개발자 및 연구원
131202,연구/IT,통신기술 개발자 및 통신망 운영 기술자
131203,연구/IT,통신공사 감리 기술자
132000,연구/IT,컴퓨터시스템 전문가
132001,연구/IT,IT 컨설턴트
132002,연구/IT,컴퓨터시스템 설계 및 분석가
132003,연구/IT,IT 감리 전문가(시스템 감리)
133100,연구/IT,시스템 소프트웨어 개발자
133101,연구/IT,시스템 소프트웨어 개발자(프로그래머)
133102,연구/IT,펌웨어 및 임베디드 소프트웨어 프로그래머
133200,연구/IT,응용 소프트웨어 개발자
133201,연구/IT,JAVA 프로그래밍 언어 전문가
133202,연구/IT,C언어 및 그 외 프로그래밍 언어 전문가
133203,연구/IT,"범용 응용 소프트웨어 프로그래머(ERP,정보처리,재무관리 등)"
133204,연구/IT,"산업특화 응용 소프트웨어 프로그래머(국방,항공,교통,에너지,금융,자동차 등)"
133205,연구/IT,네트워크 프로그래머
133206,연구/IT,게임 프로그래머
133207,연구/IT,모바일 애플리케이션 프로그래머(앱·어플 개발)
133300,연구/IT,웹 개발자
133301,연구/IT,웹 개발자(웹 엔지니어·웹 프로그래머)
133302,연구/IT,웹 기획자
133900,연구/IT,IT 테스터 및 IT QA 전문가
134100,연구/IT,데이터 전문가
134101,연구/IT,데이터 설계 및 프로그래머
134102,연구/IT,데이터 분석가(빅데이터 분석가)
134103,연구/IT,데이터베이스 운영·관리자
134200,연구/IT,네트워크 시스템 개발자
134301,연구/IT,정보시스템 운영자
134302,연구/IT,네트워크 관리자(클라우딩컴퓨터운영관리자)
134303,연구/IT,IT 기술지원 전문가
134400,연구/IT,웹 운영자(홈페이지 관리자)
134900,연구/IT,디지털 포렌식 전문가 및 기타 데이터·네트워크 전문가
135000,연구/IT,정보보안 전문가
135001,연구/IT,정보보호 전문가
135002,연구/공학,침해사고 대응 전문가
136000,연구/공학,통신·방송송출 장비 기사
140100,연구/공학,건축가(건축설계 포함)
140200,연구/공학,건축공학 기술자
140201,연구/공학,건축 현장소장
140202,연구/공학,건축구조 기술자
140203,연구/공학,"건축시공 기술자(건축견적, 공무포함)"
140204,연구/공학,건축설비 기술자
140205,연구/공학,건축감리 기술자
140206,연구/공학,건축안전·환경·품질·에너지관리 기술자
140300,연구/공학,토목공학 기술자
140301,연구/공학,토목 현장소장
140302,연구/공학,토목구조 설계 기술자
140303,연구/공학,"토목시공 기술자(토목견적, 공무포함)"
140304,연구/공학,토목감리 기술자
140305,연구/공학,토목안전·환경·품질 기술자
140400,연구/공학,조경 기술자
140500,연구/공학,도시·교통 전문가
140501,연구/공학,도시 계획·설계가
140502,연구/공학,교통 계획·설계·안전·영향평가 전문가
140600,연구/공학,측량·지리정보 전문가
140601,연구/공학,측량사
140602,연구/공학,지도제작 및 지리정보시스템 전문가
140700,연구/공학,건설자재 시험원
151100,연구/공학,기계공학 기술자 및 연구원
151101,연구/공학,산업기계공학 기술자 및 연구원
151102,연구/공학,건설기계공학 기술자 및 연구원
151103,연구/공학,금형공학 기술자 및 연구원
151104,연구/공학,플랜트공학 기술자 및 연구원
151105,연구/공학,냉난방·공조공학 기술자 및 연구원
151106,연구/공학,조선·해양공학 기술자 및 연구원
151107,연구/공학,항공기·철도차량 공학 기술자 및 연구원
151108,연구/공학,자동차공학 기술자 및 연구원
151109,연구/공학,기타 기계공학 기술자 및 연구원
151110,연구/공학,기계감리 기술자
151200,연구/공학,로봇공학 기술자 및 연구원
151300,연구/공학,기계·로봇공학 시험원
152100,연구/공학,금속·재료공학 기술자 및 연구원
152200,연구/공학,금속·재료공학 시험원
153100,연구/공학,전기공학 기술자 및 연구원
153101,연구/공학,전기기기·제품 개발 기술자 및 연구원
153102,연구/공학,"전기계측 제어 기술자(전기패널, 계장, 공정자동화전기 등)"
153103,연구/공학,발전설비 기술자
153104,연구/공학,송·배전설비 기술자
153105,연구/공학,"전기공사 기술자(전기견적, 공무포함)"
153106,연구/공학,전기감리 기술자
153107,연구/공학,전기안전 기술자
153200,연구/공학,전자공학 기술자 및 연구원
153201,연구/공학,전자부품 개발 기술자 및 연구원
153202,연구/공학,산업용 전자제품 개발 기술자 및 연구원
153203,연구/공학,가전제품 개발 기술자 및 연구원
153204,연구/공학,전자의료기기 개발 기술자 및 연구원
153205,연구/공학,반도체공학 기술자 및 연구원
153206,연구/공학,전자제어계측 기술자 및 연구원
153300,연구/공학,전기·전자공학 시험원
154100,연구/공학,화학공학 기술자 및 연구원
154101,연구/공학,석유화학 기술자 및 연구원
154102,연구/공학,고무·플라스틱 기술자 및 연구원
154103,연구/공학,도료제품 기술자 및 연구원
154104,연구/공학,화장품·비누제품 기술자 및 연구원
154105,연구/공학,"의약품, 농약, 비료 등 기타 석유화학 기술자 및 연구원"
154200,연구/공학,화학공학 시험원
155100,연구/공학,가스·에너지공학 기술자 및 연구원
155101,연구/공학,가스 기술자 및 연구원
155102,연구/공학,"에너지공학 기술자 및 연구원(에너지, 탐사, 시추)"
155200,연구/공학,가스·에너지 시험원
155300,연구/공학,환경공학 기술자 및 연구원
155301,연구/공학,대기 환경 기술자 및 연구원
155302,연구/공학,수질 환경 기술자 및 연구원
155303,연구/공학,폐기물처리 기술자 및 연구원
155304,연구/공학,환경영향 평가원
155305,연구/공학,"소음진동, 토양 등 기타 환경 기술자 및 연구원"
155400,연구/공학,환경공학 시험원
155500,연구/공학,보건위생·환경 검사원
156100,연구/공학,섬유공학 기술자 및 연구원
156200,연구/공학,섬유공학 시험원(섬유·염료)
157100,연구/공학,식품공학 기술자 및 연구원
157200,연구/공학,식품공학 시험원
158100,연구/공학,방재 기술자 및 연구원
158200,연구/공학,소방공학 기술자 및 연구원
158201,연구/공학,소방설계 기술자
158202,연구/공학,소방시설·설비 시공 기술자
158203,연구/공학,소방공사 감리 기술자
158300,연구/공학,소방공학 시험원
158400,연구/공학,산업 안전원 및 위험물 관리원
158500,연구/공학,비파괴 검사원
159100,연구/공학,제도사
159101,연구/공학,건축 제도사(캐드원)
159102,연구/공학,토목 제도사(캐드원)
159103,연구/공학,기계·금속 제도사(캐드원)
159104,연구/공학,전기·전자 장비 제도사(캐드원)
159105,연구/공학,3D 프린팅 제도사
159106,연구/공학,기타 제도사(캐드원)
159900,연구/공학,기타 인쇄·목재 등 공학 기술자 및 시험원
211100,교육/법률/복지/행정/군인,대학 교수
211200,교육/법률/복지/행정/군인,"대학 시간강사(초빙,겸임,BK,강의전담 교수 등 비전임교원 포함)"
212100,교육/법률/복지/행정/군인,중·고등학교 교사
212101,교육/법률/복지/행정/군인,국어 교사
212102,교육/법률/복지/행정/군인,수학 교사
212103,교육/법률/복지/행정/군인,사회 교사
212104,교육/법률/복지/행정/군인,과학 교사
212105,교육/법률/복지/행정/군인,예체능 교사
212106,교육/법률/복지/행정/군인,실업 교사
212107,교육/법률/복지/행정/군인,외국어 교사
212108,교육/법률/복지/행정/군인,진로·교양·기타 교사
212109,교육/법률/복지/행정/군인,기타 중·고등학교 교사
212200,교육/법률/복지/행정/군인,초등학교 교사
212300,교육/법률/복지/행정/군인,특수교육 교사
212900,교육/법률/복지/행정/군인,기타 교사
213000,교육/법률/복지/행정/군인,유치원 교사
232100,교육/법률/복지/행정/군인,보육 교사
214100,교육/법률/복지/행정/군인,문리·어학 강사
214101,교육/법률/복지/행정/군인,국어 강사
214102,교육/법률/복지/행정/군인,수학 강사
214103,교육/법률/복지/행정/군인,사회 강사
214104,교육/법률/복지/행정/군인,과학 강사
214105,교육/법률/복지/행정/군인,성인고시·입사시험 학원 강사
214106,교육/법률/복지/행정/군인,영어 강사
214107,교육/법률/복지/행정/군인,중국어 강사
214108,교육/법률/복지/행정/군인,일본어 강사
214109,교육/법률/복지/행정/군인,한국어 강사(다문화 언어지도사 포함)
214110,교육/법률/복지/행정/군인,그 외 외국어 강사
214111,교육/법률/복지/행정/군인,독서·논술 강사
214113,교육/법률/복지/행정/군인,그 외 문리·어학 강사
214200,교육/법률/복지/행정/군인,컴퓨터 강사
214201,교육/법률/복지/행정/군인,"컴퓨터 기초 강사(OA, 워드, 엑셀, 컴퓨터활용능력 등)"
214202,교육/법률/복지/행정/군인,프로그래밍·웹·웹디자인·DB 강사
214301,교육/법률/복지/행정/군인,"간호조무사, 간병, 관광안내 강사"
214302,교육/법률/복지/행정/군인,디자인·캐드 강사
214303,교육/법률/복지/행정/군인,이미용·예식 강사
214304,교육/법률/복지/행정/군인,요리 강사
214305,교육/법률/복지/행정/군인,자동차운전강사
214306,교육/법률/복지/행정/군인,건설토목강사
214307,교육/법률/복지/행정/군인,기계·금속·전기·전자 강사
214308,교육/법률/복지/행정/군인,기타 기술·기능 강사
214400,교육/법률/복지/행정/군인,예능 강사
214401,교육/법률/복지/행정/군인,미술 강사
214402,교육/법률/복지/행정/군인,음악 강사
214403,교육/법률/복지/행정/군인,무용 강사
214404,교육/법률/복지/행정/군인,기타 예능 강사(바둑·웅변·연기·꽃꽂이·종이접기 등)
214900,교육/법률/복지/행정/군인,"교육연수기관 및 기업체내 강사(리더십, 서비스마인드 등)"
420401,교육/법률/복지/행정/군인,태권도·검도·합기도 등 무술사범
420402,교육/법률/복지/행정/군인,수영·골프·테니스·배드민턴·탁구 등 스포츠 강사
215100,교육/법률/복지/행정/군인,장학관·연구관 및 교육 전문가
215101,교육/법률/복지/행정/군인,장학관·연구관·입학사정관
215102,교육/법률/복지/행정/군인,교재·교구 및 e-learning 교육 전문가
215200,교육/법률/복지/행정/군인,대학 교육 조교(TA) 및 연구 조교(RA)
215300,교육/법률/복지/행정/군인,교사보조 및 보육보조 서비스 종사원
215301,교육/법률/복지/행정/군인,교사 보조원
215302,교육/법률/복지/행정/군인,보육시설 서비스 종사원
221100,교육/법률/복지/행정/군인,판사 및 검사
221200,교육/법률/복지/행정/군인,변호사
221300,교육/법률/복지/행정/군인,법무사 및 집행관
221400,교육/법률/복지/행정/군인,변리사
221900,교육/법률/복지/행정/군인,외국 변호사 등 기타 법률 전문가
222000,교육/법률/복지/행정/군인,법률 사무원
222001,교육/법률/복지/행정/군인,"법률 사무원(법원, 로펌, 법무사무소 등)"
222002,교육/법률/복지/행정/군인,특허·저작권 사무원
222003,교육/법률/복지/행정/군인,법무 사무원(일반 기업체)
29905,교육/법률/복지/행정/군인,취업 알선원(직업소개소)
231100,교육/법률/복지/행정/군인,사회복지사
231101,교육/법률/복지/행정/군인,사회복지사(사회복지시설)
231102,교육/법률/복지/행정/군인,사회복지사(공공행정)
231103,교육/법률/복지/행정/군인,사회복지프로그램 운영자
231104,교육/법률/복지/행정/군인,방과후 교사 및 지도사
231200,교육/법률/복지/행정/군인,상담 전문가
231201,교육/법률/복지/행정/군인,심리상담 전문가
231202,교육/법률/복지/행정/군인,가족·학교·아동·청소년·노인·중독 등 상담 전문가
231300,교육/법률/복지/행정/군인,청소년 지도사
231400,교육/법률/복지/행정/군인,직업상담사
231500,교육/법률/복지/행정/군인,시민단체 활동가
232100,교육/법률/복지/행정/군인,보육 교사
232900,교육/법률/복지/행정/군인,기타 사회복지 종사원
232901,교육/법률/복지/행정/군인,노인 생활지도원
232902,교육/법률/복지/행정/군인,아동 생활지도원
232903,교육/법률/복지/행정/군인,장애인 생활지도원(장애인활동보조원 포함)
232904,교육/법률/복지/행정/군인,그 외 사회복지 종사원
233100,교육/법률/복지/행정/군인,성직자
233900,교육/법률/복지/행정/군인,기타 종교 종사자
240100,교육/법률/복지/행정/군인,경찰관 및 수사관
240200,교육/법률/복지/행정/군인,소방관
240300,교육/법률/복지/행정/군인,교도관 및 소년원학교 교사
250100,교육/법률/복지/행정/군인,영관급 이상 장교
250200,교육/법률/복지/행정/군인,위관급 장교
250300,교육/법률/복지/행정/군인,부사관
250900,교육/법률/복지/행정/군인,기타 군인
301100,보건/의료,전문 의사
301200,보건/의료,일반 의사
301300,보건/의료,한의사
301400,보건/의료,치과 의사
302000,보건/의료,수의사
303000,보건/의료,약사 및 한약사
304000,보건/의료,간호사
304001,보건/의료,전문 간호사
304002,보건/의료,일반 간호사
304003,보건/의료,보건교사
305000,보건/의료,영양사
307500,보건/의료,간호조무사
306100,보건/의료,임상병리사
306200,보건/의료,방사선사
306300,보건/의료,치과기공사
306400,보건/의료,치과위생사
306500,보건/의료,물리 및 작업 치료사
306501,보건/의료,물리치료사
306502,보건/의료,작업치료사
306600,보건/의료,임상심리사(심리치료사)
306700,보건/의료,재활공학 기사(의지보조기기사)
306900,보건/의료,기타 치료·재활사 및 의료기사
306901,보건/의료,언어·청능 치료사
306902,보건/의료,놀이·음악·미술·독서 등 치료사
306903,보건/의료,운동처방사
26302,보건/의료,병원행정 사무원(원무)
29210,보건/의료,병원 코디네이터
307100,보건/의료,"응급구조사(인명구조원, 119구조대원 포함)"
307200,보건/의료,위생사
307300,보건/의료,안경사
307400,보건/의료,의무기록사
307500,보건/의료,간호조무사
307501,보건/의료,간호조무사(요양병원 제외)
307502,보건/의료,요양병원 간호조무사
307600,보건/의료,안마사
307900,보건/의료,기타 보건·의료 종사원
307901,보건/의료,의료 보조원
307902,보건/의료,산후조리 종사원(산모 도우미)
307903,보건/의료,기타 보건·의료 서비스 종사원
550101,보건/의료,간병인(재가 제외)
550102,보건/의료,재가 간병인
550103,보건/의료,시설 요양보호사(노인요양사)
550104,보건/의료,재가 요양보호사
550200,보건/의료,육아 도우미(베이비시터)
29902,예술/방송/스포츠,출판·자료 편집 사무원
411100,예술/방송/스포츠,작가
411200,예술/방송/스포츠,번역가 및 통역가
411201,예술/방송/스포츠,번역가(영어)
411202,예술/방송/스포츠,번역가(중국어)
411203,예술/방송/스포츠,번역가(일본어)
411204,예술/방송/스포츠,번역가(기타 언어)
411205,예술/방송/스포츠,통역가(영어)
411206,예술/방송/스포츠,통역가(중국어)
411207,예술/방송/스포츠,통역가(일본어)
411208,예술/방송/스포츠,통역가(기타 언어)
411209,예술/방송/스포츠,수화 및 의료 통역가
411300,예술/방송/스포츠,출판물 전문가
412000,예술/방송/스포츠,기자 및 언론 전문가
412001,예술/방송/스포츠,신문·방송 기자
412002,예술/방송/스포츠,잡지·생활정보지 및 기타 기자
413100,예술/방송/스포츠,학예사 및 문화재 보존원
413101,예술/방송/스포츠,학예사(큐레이터)
413102,예술/방송/스포츠,문화재보존원(컨서베이터)
413200,예술/방송/스포츠,사서 및 기록물 관리사
413201,예술/방송/스포츠,사서
413202,예술/방송/스포츠,기록물 관리사(기록물관리전문요원)
214401,예술/방송/스포츠,미술 강사
214402,예술/방송/스포츠,음악 강사
214403,예술/방송/스포츠,무용 강사
414100,예술/방송/스포츠,화가 및 조각가
414200,예술/방송/스포츠,사진작가 및 사진사
414300,예술/방송/스포츠,만화가 및 만화영화 작가
414301,예술/방송/스포츠,만화가
414302,예술/방송/스포츠,만화영화 작가(애니메이터)
414400,예술/방송/스포츠,국악인 및 전통 예능인
414500,예술/방송/스포츠,"지휘자, 작곡가 및 연주가"
414600,예술/방송/스포츠,가수 및 성악가
414700,예술/방송/스포츠,무용가 및 안무가
414900,예술/방송/스포츠,기타 시각 및 공연 예술가
414901,예술/방송/스포츠,조련사(공연)·마술사 등 기타 시각 및 공연 예술가
414902,예술/방송/스포츠,동화구연사
417100,예술/방송/스포츠,공연·영화·음반 기획자
159100,예술/방송/스포츠,제도사
415100,예술/방송/스포츠,제품 디자이너
415101,예술/방송/스포츠,기계·자동차·금속 제품 디자이너
415102,예술/방송/스포츠,조명·전기·전자·통신 기기 디자이너
415103,예술/방송/스포츠,가구 디자이너
415104,예술/방송/스포츠,"팬시, 귀금속, 생활잡화 등 기타 제품 디자이너"
415200,예술/방송/스포츠,패션 디자이너
415201,예술/방송/스포츠,의상 디자이너
415202,예술/방송/스포츠,직물(텍스타일) 디자이너
415203,예술/방송/스포츠,가방·신발·엑세서리 디자이너
415300,예술/방송/스포츠,실내장식 디자이너
415301,예술/방송/스포츠,인테리어 디자이너
415302,예술/방송/스포츠,무대·세트·디스플레이 디자이너
415400,예술/방송/스포츠,시각 디자이너
415401,예술/방송/스포츠,광고디자이너
415402,예술/방송/스포츠,책·인쇄물·출판 디자이너
415403,예술/방송/스포츠,포장(패키지)디자이너
415404,예술/방송/스포츠,일러스트레이터·삽화가
415405,예술/방송/스포츠,색채전문가(컬러리스트)
415406,예술/방송/스포츠,기타 시각 디자이너
701603,예술/방송/스포츠,"내장 목공(인테리어 목공 - 나무창호, 주방가구, 싱크대, 인테리어 치장)"
415500,예술/방송/스포츠,미디어 콘텐츠 디자이너
415501,예술/방송/스포츠,웹 디자이너
415502,예술/방송/스포츠,게임 디자이너
415503,예술/방송/스포츠,그래픽아트 기술자
415504,예술/방송/스포츠,UX/UI 디자이너
415505,예술/방송/스포츠,기타 미디어 콘텐츠 디자이너
416100,예술/방송/스포츠,감독 및 기술감독
416200,예술/방송/스포츠,배우 및 모델
416301,예술/방송/스포츠,아나운서 및 리포터
416302,예술/방송/스포츠,쇼핑호스트
416303,예술/방송/스포츠,사내(장내) 방송 아나운서
416400,예술/방송/스포츠,촬영 기사
416500,예술/방송/스포츠,음향·녹음 기사
416600,예술/방송/스포츠,영상·녹화 및 편집 기사
416700,예술/방송/스포츠,조명·영사 기사
416900,예술/방송/스포츠,기타 연극·영화·방송 종사원
416901,예술/방송/스포츠,"방송연출 보조(AD, FD)"
416902,예술/방송/스포츠,"엑스트라,소품·무대의상 관리 등 기타 연극·영화·방송 종사원"
24401,예술/방송/스포츠,행사·이벤트 기획자
24402,예술/방송/스포츠,전시·회의 기획자
417100,예술/방송/스포츠,공연·영화·음반 기획자
417200,예술/방송/스포츠,연예인매니저 및 스포츠매니저
420100,예술/방송/스포츠,스포츠 감독 및 코치
420200,예술/방송/스포츠,직업 운동선수
420300,예술/방송/스포츠,경기 심판 및 경기 기록원
420400,예술/방송/스포츠,"스포츠강사, 레크리에이션강사 및 기타 관련 전문가"
420401,예술/방송/스포츠,태권도·검도·합기도 등 무술사범
420402,예술/방송/스포츠,수영·골프·테니스·배드민턴·탁구 등 스포츠 강사
420403,예술/방송/스포츠,헬스 트레이너
420404,예술/방송/스포츠,"에어로빅, 요가 등 기타 스포츠 강사"
420405,예술/방송/스포츠,레크리에이션 전문가
420406,예술/방송/스포츠,"프로모터, 경주마 조련사 등 기타 스프츠 관련 전문가"
420900,예술/방송/스포츠,기타 스포츠 및 여가서비스 종사원
420901,예술/방송/스포츠,골프장 캐디
420902,예술/방송/스포츠,카지노 딜러
420903,예술/방송/스포츠,응원단원 및 기타 스포츠·오락 관련 도우미
511100,미용/관광/숙박/경비/케어,이용사
511200,미용/관광/숙박/경비/케어,미용사
511300,미용/관광/숙박/경비/케어,피부 및 체형 관리사
511301,미용/관광/숙박/경비/케어,피부 및 체형 관리사(발관리사 포함)
511302,미용/관광/숙박/경비/케어,네일 아티스트(손톱 관리사)
511303,미용/관광/숙박/경비/케어,목욕관리 및 기타 피부미용 종사원
511400,미용/관광/숙박/경비/케어,메이크업 아티스트 및 분장사
511401,미용/관광/숙박/경비/케어,메이크업아티스트 및 뷰티매니저
511402,미용/관광/숙박/경비/케어,분장사·특수분장사
511500,미용/관광/숙박/경비/케어,반려동물 미용 및 관리 종사원
511501,미용/관광/숙박/경비/케어,반려동물 미용사
511502,미용/관광/숙박/경비/케어,반려동물 훈련사(맹인견 조련사 포함)
511503,미용/관광/숙박/경비/케어,반려동물 장의사
511504,미용/관광/숙박/경비/케어,"수의사 보조원(수의간호, 수의테크니션)"
511900,미용/관광/숙박/경비/케어,"기타 미용 관련 서비스종사원(패션코디, 이미지컨설턴트 등)"
512100,미용/관광/숙박/경비/케어,결혼상담원 및 웨딩플래너
512101,미용/관광/숙박/경비/케어,결혼 상담원
512102,미용/관광/숙박/경비/케어,웨딩 플래너
512200,미용/관광/숙박/경비/케어,혼례 종사원
512300,미용/관광/숙박/경비/케어,장례 지도사 및 장례 상담원
512400,미용/관광/숙박/경비/케어,점술가 및 민속신앙 종사원
512900,미용/관광/숙박/경비/케어,"말벗,노년플래너 등 기타 개인 생활 서비스원"
29103,미용/관광/숙박/경비/케어,호텔·콘도·숙박시설 프론트 사무원
420901,미용/관광/숙박/경비/케어,골프장 캐디
420902,미용/관광/숙박/경비/케어,카지노 딜러
521100,미용/관광/숙박/경비/케어,여행상품 개발자
521200,미용/관광/숙박/경비/케어,여행 사무원
521300,미용/관광/숙박/경비/케어,여행 안내원 및 해설사
521301,미용/관광/숙박/경비/케어,관광통역 안내원
521302,미용/관광/숙박/경비/케어,여행 안내원
521303,미용/관광/숙박/경비/케어,"박물관,미술관,문화,역사,자연환경 등 각종 해설사"
522100,미용/관광/숙박/경비/케어,항공기 객실승무원
522200,미용/관광/숙박/경비/케어,선박·열차 객실승무원
523000,미용/관광/숙박/경비/케어,숙박시설 서비스원
524000,미용/관광/숙박/경비/케어,오락시설 서비스원
524001,미용/관광/숙박/경비/케어,"오락시설 서비스원(노래방, PC방 등)"
524002,미용/관광/숙박/경비/케어,테마파크 서비스원
541905,미용/관광/숙박/경비/케어,수학여행 안전요원
305000,미용/관광/숙박/경비/케어,영양사
531100,미용/관광/숙박/경비/케어,주방장 및 요리 연구가(푸드코디네이터 포함)
531200,미용/관광/숙박/경비/케어,한식 조리사
531201,미용/관광/숙박/경비/케어,한식 조리사(일반 음식점)
531202,미용/관광/숙박/경비/케어,학교 급식 조리사
531203,미용/관광/숙박/경비/케어,유치원·어린이집 급식 조리사
531204,미용/관광/숙박/경비/케어,병원 급식 조리사
531205,미용/관광/숙박/경비/케어,사업체 구내식당 급식 조리사
531300,미용/관광/숙박/경비/케어,중식 조리사
531400,미용/관광/숙박/경비/케어,양식 조리사
531500,미용/관광/숙박/경비/케어,일식 조리사
531600,미용/관광/숙박/경비/케어,바텐터(조주사)
531700,미용/관광/숙박/경비/케어,음료 조리사(바리스타 포함)
531900,미용/관광/숙박/경비/케어,기타 조리사
531901,미용/관광/숙박/경비/케어,분식 조리사
531902,미용/관광/숙박/경비/케어,포장마차·주점 조리사
531903,미용/관광/숙박/경비/케어,동남아·남미음식 조리사
871100,미용/관광/숙박/경비/케어,제과·제빵원
532100,미용/관광/숙박/경비/케어,패스트푸드 준비원
532200,미용/관광/숙박/경비/케어,홀서빙원
532201,미용/관광/숙박/경비/케어,호텔·레스토랑 웨이터·웨이트리스
532202,미용/관광/숙박/경비/케어,일반 음식점 서빙원
532203,미용/관광/숙박/경비/케어,주점·커피숍 서빙원
532300,미용/관광/숙박/경비/케어,주방 보조원
532301,미용/관광/숙박/경비/케어,주방 보조원(일반 음식점)
532302,미용/관광/숙박/경비/케어,단체 급식 보조원
532400,미용/관광/숙박/경비/케어,음식 배달원
532401,미용/관광/숙박/경비/케어,음식 배달원
532402,미용/관광/숙박/경비/케어,패스트푸드 배달원
532900,미용/관광/숙박/경비/케어,기타 음식서비스 종사원(병원 배식원)
872200,미용/관광/숙박/경비/케어,김치·밑반찬 제조 종사원
541100,미용/관광/숙박/경비/케어,경호원
541200,미용/관광/숙박/경비/케어,청원경찰
541300,미용/관광/숙박/경비/케어,시설·특수 경비원
541301,미용/관광/숙박/경비/케어,기계·무인 경비원(해당 경비지도사 포함)
541302,미용/관광/숙박/경비/케어,시설·호송·특수 경비원(해당 경비지도사 포함)
541900,미용/관광/숙박/경비/케어,기타 경호·보안 종사원
541901,미용/관광/숙박/경비/케어,보안 관제원(경비 관제원)
541902,미용/관광/숙박/경비/케어,유통·매장·창고 감시원
541903,미용/관광/숙박/경비/케어,주차 단속원 및 안전 순찰원
541904,미용/관광/숙박/경비/케어,레저·테마파크 안전요원
541905,미용/관광/숙박/경비/케어,수학여행 안전요원
542000,미용/관광/숙박/경비/케어,경비원(건물 관리원)
542001,미용/관광/숙박/경비/케어,아파트·빌라 경비원
542002,미용/관광/숙박/경비/케어,"건물 경비원(청사,학교,병원,상가,빌딩,공장 등)"
542003,미용/관광/숙박/경비/케어,공사현장 경비원
542004,미용/관광/숙박/경비/케어,"기타 건물 관리원(공원, 종교시설 등)"
550100,미용/관광/숙박/경비/케어,요양 보호사 및 간병인
550101,미용/관광/숙박/경비/케어,간병인(재가 제외)
550102,미용/관광/숙박/경비/케어,재가 간병인
550103,미용/관광/숙박/경비/케어,시설 요양보호사(노인요양사)
550104,미용/관광/숙박/경비/케어,재가 요양보호사
550105,미용/관광/숙박/경비/케어,복지시설 보조원
550200,미용/관광/숙박/경비/케어,육아 도우미(베이비시터)
561100,미용/관광/숙박/경비/케어,청소원
561101,미용/관광/숙박/경비/케어,"건물 청소원(공공건물,아파트,사무실,병원,상가,공장 등)"
561102,미용/관광/숙박/경비/케어,"호텔·콘도·숙박시설 청소원(룸메이드,하우스키퍼)"
561103,미용/관광/숙박/경비/케어,외벽 및 창문 청소원
561104,미용/관광/숙박/경비/케어,특수 크리닝장비 청소원
561105,미용/관광/숙박/경비/케어,세차원 및 운송장비 청소원
561200,미용/관광/숙박/경비/케어,환경미화원 및 재활용품 수거원
561201,미용/관광/숙박/경비/케어,환경 미화원
561202,미용/관광/숙박/경비/케어,재활용품 및 폐기물 수거원
561300,미용/관광/숙박/경비/케어,배관 세정원 및 방역원
561301,미용/관광/숙박/경비/케어,배관 세정원(물탱크 청소 포함)
561302,미용/관광/숙박/경비/케어,방역원(해충퇴치원 포함)
561400,미용/관광/숙박/경비/케어,구두 미화원
561500,미용/관광/숙박/경비/케어,세탁원(다림질원)
561601,미용/관광/숙박/경비/케어,가사 도우미
561602,미용/관광/숙박/경비/케어,입주 가사도우미
562100,미용/관광/숙박/경비/케어,계기 검침원 및 가스 점검원
562200,미용/관광/숙박/경비/케어,자동판매기 관리원
562300,미용/관광/숙박/경비/케어,주차 관리·안내원
562400,미용/관광/숙박/경비/케어,검표원
562900,미용/관광/숙박/경비/케어,기타 서비스 단순 종사원
562901,미용/관광/숙박/경비/케어,대여제품 방문 점검원
562902,미용/관광/숙박/경비/케어,환경 감시원
562903,미용/관광/숙박/경비/케어,"기타 서비스 단순종사원(사우나,찜질방 정리원 등)"
624401,미용/관광/숙박/경비/케어,하역·적재 종사원
624402,미용/관광/숙박/경비/케어,물건·이삿짐 운반원
611000,영업/판매/운수,부동산 컨설턴트 및 중개인
612100,영업/판매/운수,기술 영업원
612101,영업/판매/운수,자동차부품 및 운송장비 기술영업원
612102,영업/판매/운수,기계장비 기술영업원
612103,영업/판매/운수,화학제품 기술영업원
612104,영업/판매/운수,전기·전자장비 기술영업원
612105,영업/판매/운수,의료장비 기술영업원
612106,영업/판매/운수,"IT 기술영업원(전산장비,소프트웨어)"
612107,영업/판매/운수,의약품 영업원(제약 영업원)
612108,영업/판매/운수,기타 기술영업원
612200,영업/판매/운수,해외 영업원
612201,영업/판매/운수,해외 영업원(영어)
612202,영업/판매/운수,해외 영업원(중국어)
612203,영업/판매/운수,해외 영업원(일본어)
612204,영업/판매/운수,해외 영업원(기타 언어권)
612300,영업/판매/운수,자동차 영업원
612301,영업/판매/운수,자동차 영업원(자동차 딜러)
612302,영업/판매/운수,중고차 영업원
612400,영업/판매/운수,제품·광고 영업원
612401,영업/판매/운수,식품·주류 영업원
612402,영업/판매/운수,건설자재 영업원
612403,영업/판매/운수,건설수주 영업원
612404,영업/판매/운수,광고·출판 영업원
612405,영업/판매/운수,체인점 영업원
612406,영업/판매/운수,상조·렌탈·회원모집 영업원
612407,영업/판매/운수,일반 영업원
612500,영업/판매/운수,상품 중개인 및 경매사
612900,영업/판매/운수,기타 기술 영업·중개 종사원
29202,영업/판매/운수,콜센터 상담원(콜센터·고객센터·CS센터)
613000,영업/판매/운수,텔레마케터
613001,영업/판매/운수,텔레마케터(콜센터)
613002,영업/판매/운수,"텔레마케터(학원, 학습지, 유학)"
613003,영업/판매/운수,텔레마케터(금융·보험·대출·부동산)
613004,영업/판매/운수,"텔레마케터(쇼핑몰, 백화점, 마트)"
613005,영업/판매/운수,"텔레마케터(인터넷, 통신)"
613006,영업/판매/운수,기타 텔레마케터
531700,영업/판매/운수,음료 조리사(바리스타 포함)
614000,영업/판매/운수,소규모 매장점장(매장매니저·매장슈퍼바이저)
615100,영업/판매/운수,상점 판매원
615101,영업/판매/운수,백화점 판매원
615102,영업/판매/운수,대형마트 판매원
615103,영업/판매/운수,편의점 판매원
615104,영업/판매/운수,면세점 판매원
615105,영업/판매/운수,일반상점 판매원
615106,영업/판매/운수,의류 판매원
615107,영업/판매/운수,화장품 판매원
615108,영업/판매/운수,가구 판매원
615109,영업/판매/운수,가전 판매원(컴퓨터 포함)
615110,영업/판매/운수,음식료품 판매원
615111,영업/판매/운수,"꽃 판매원(플로리스트, 토피어리어 포함)"
615112,영업/판매/운수,"잡화 판매원(사무용품,도서,음반 포함)"
616101,영업/판매/운수,매장 계산원
615200,영업/판매/운수,통신 기기·서비스 판매원
615201,영업/판매/운수,통신기기 판매원(핸드폰 판매 및 가입)
615202,영업/판매/운수,"통신서비스 판매원(인터넷,IPTV 가입)"
615300,영업/판매/운수,온라인 판매원
615400,영업/판매/운수,상품 대여원
615401,영업/판매/운수,자동차 대여원(렌터카)
615402,영업/판매/운수,"생활용품 대여원(정수기,가전제품,의복,어린이 용품)"
615403,영업/판매/운수,"기타 대여원(기계장비,오락·스포츠 용품,도서,영상)"
615500,영업/판매/운수,노점 및 이동 판매원
615700,영업/판매/운수,주유원(가스 충전원)
615701,영업/판매/운수,주유원(주유판매원)
615702,영업/판매/운수,가스 충전원
616100,영업/판매/운수,매장 계산원 및 요금 정산원
616101,영업/판매/운수,매장 계산원
616102,영업/판매/운수,"요금 정산원(주차요금,통행료)"
616200,영업/판매/운수,매표원 및 복권 판매원
617100,영업/판매/운수,홍보 도우미 및 판촉원
617101,영업/판매/운수,홍보 도우미 및 판촉원(나레이터 모델 포함)
617102,영업/판매/운수,이벤트·행사 진행원
617900,영업/판매/운수,기타 판매 단순 종사원
617901,영업/판매/운수,매장 정리원(매장 보조원)
617902,영업/판매/운수,상품 진열원
617903,영업/판매/운수,쇼핑몰택배 준비원
617904,영업/판매/운수,"기타 판매 단순 종사원(전단지배포, 벽보원, 물품 보관원)"
28202,영업/판매/운수,철도·지하철 운송 사무원
28203,영업/판매/운수,항공 운송 사무원
28204,영업/판매/운수,수상 운송 사무원(해상 운송)
621100,영업/판매/운수,항공기 조종사
621200,영업/판매/운수,"선장, 항해사 및 도선사"
621300,영업/판매/운수,철도·전동차 기관사
621400,영업/판매/운수,"관제사(항공,선박,철도 등)"
621900,영업/판매/운수,기타 항공·철도운송종사원(항공기유도원·화물열차차장·신호수)
885901,영업/판매/운수,드론 조작원
28201,영업/판매/운수,도로 운송 사무원(배차사무 포함)
562300,영업/판매/운수,주차 관리·안내원
622100,영업/판매/운수,택시 운전원
622200,영업/판매/운수,버스 운전원
622201,영업/판매/운수,"노선버스 운전원(시내, 마을, 시외, 고속)"
622202,영업/판매/운수,관광 및 통근·통학·학원 및 기타 버스 운전원
622300,영업/판매/운수,화물차·특수차 운전원
622301,영업/판매/운수,경·소형 화물차 운전원
622302,영업/판매/운수,중·대형 화물차 운전원(트레일러 포함)
622303,영업/판매/운수,견인차·유조차·구난차·청소차 등 특수차 운전원
622900,영업/판매/운수,기타 자동차 운전원
622901,영업/판매/운수,승용차 운전원(자가용 운전원)
622902,영업/판매/운수,승합차 운전원
622903,영업/판매/운수,대리 운전원
622904,영업/판매/운수,주차 운전원
622905,영업/판매/운수,호송차량 운전원
622906,영업/판매/운수,"기타 자동차 운전원(렌터카,구급차,우편차,자동차선적 등)"
623000,영업/판매/운수,물품이동장비 조작원(크레인·호이스트·지게차)
623001,영업/판매/운수,"크레인 운전원(천정,타워 제외)"
623002,영업/판매/운수,천장·타워 크레인 운전원
623003,영업/판매/운수,호이스트 운전원
623004,영업/판매/운수,지게차 운전원
623005,영업/판매/운수,리프트·케이블카 조작원
532401,영업/판매/운수,음식 배달원
532402,영업/판매/운수,패스트푸드 배달원
624100,영업/판매/운수,택배원
624101,영업/판매/운수,일반 택배원(퀵서비스 포함)
624102,영업/판매/운수,지하철 택배원
624103,영업/판매/운수,배송·납품 운전원(납품영업 포함)
624200,영업/판매/운수,우편물 집배원
624300,영업/판매/운수,선박 갑판원 및 관련 종사원
624401,영업/판매/운수,하역·적재 종사원
624402,영업/판매/운수,물건·이삿짐 운반원
624900,영업/판매/운수,신문·음료(우유·요구르트 등) 기타 배달원
701100,건설/채굴,철골공(강구조물 건립원)
701200,건설/채굴,"경량철골공(석고보드공,텍스공,조립주택 건립원)"
701300,건설/채굴,철근공
701401,건설/채굴,콘크리트공
701402,건설/채굴,콘크리트건물·피시 조립원
701500,건설/채굴,건축 석공
701600,건설/채굴,건축 목공
701601,건설/채굴,형틀 목공(거푸집 설치공)
701602,건설/채굴,외장 목공(목조주택 건립)
701603,건설/채굴,"내장 목공(인테리어 목공 - 나무창호, 주방가구, 싱크대, 인테리어 치장)"
701604,건설/채굴,전통 건축원
701700,건설/채굴,조적공 및 석재 부설공
701900,건설/채굴,기타 건설 구조 기능원
701901,건설/채굴,건설현장반장
701902,건설/채굴,비계공
701903,건설/채굴,건물칸막이 설치원
701904,건설/채굴,"기타 건설 기능원(건물해체,정화조설치,방음벽설치 등)"
702100,건설/채굴,미장공
702200,건설/채굴,방수공
702300,건설/채굴,단열공
702400,건설/채굴,바닥재 시공원
702401,건설/채굴,타일·대리석 시공원
702402,건설/채굴,장판·카펫 시공원
702500,건설/채굴,도배공 및 유리 부착원
702501,건설/채굴,도배공
702502,건설/채굴,유리 부착원(유리공)
702600,건설/채굴,건물 도장공
702701,건설/채굴,새시 조립·설치원
702702,건설/채굴,새시 보조원(견습공)
702900,건설/채굴,기타 건축 마감 기능원
702901,건설/채굴,건물 보수원 및 영선원(아파트 기계·전기 시설관리 제외)
702902,건설/채굴,지붕잇기원 등 기타 건축 마감 기능원
703100,건설/채굴,건설 배관공
703101,건설/채굴,"건축 배관공(옥내급수관,상하수배관,위생 배관)"
703102,건설/채굴,가스 배관공(가스관 설치원)
703200,건설/채굴,"공업 배관공(플랜트,항공,선박,철도차량)"
703900,건설/채굴,기타 배관공
703901,건설/채굴,기타 배관공(배관누수 탐지원)
703902,건설/채굴,배관 보조원
824100,건설/채굴,용접원
623001,건설/채굴,"크레인 운전원(천정,타워 제외)"
623002,건설/채굴,천장·타워 크레인 운전원
704000,건설/채굴,건설·채굴 기계 운전원
704001,건설/채굴,"굴착기(굴삭기,포클레인) 운전원"
704002,건설/채굴,로더 운전원(페이로더 운전원)
704003,건설/채굴,레미콘 차량 운전원(콘크리트 믹서 트럭)
704004,건설/채굴,"도로정지기, 덤프트럭 등 기타 건설·채굴 기계 운전원"
704005,건설/채굴,농림어업 기계 운전원
705100,건설/채굴,"광원, 채석원 및 석재 절단원"
705101,건설/채굴,광원 및 채석원
705102,건설/채굴,"석재 가공원(석재 절단, 연마, 조각원 등)"
705200,건설/채굴,철로 설치·보수원
705900,건설/채굴,기타 채굴·토목 종사원
705901,건설/채굴,점화·발파·화약관리원 및 삭구원
705902,건설/채굴,"잠수 기능원(잠수부, 구난 잠수요원)"
706000,건설/채굴,건설·채굴 단순 종사원
706001,건설/채굴,조경시설물 설치원
706002,건설/채굴,건설·채굴 단순 종사원
811100,기계/금속/재료,공업기계 설치·정비원
811101,기계/금속/재료,공작기계 설치·정비원
811102,기계/금속/재료,화학기계 설치·정비원
811103,기계/금속/재료,섬유기계 설치·정비원
811104,기계/금속/재료,전자제품 제조기계 설치·정비원
811105,기계/금속/재료,식품기계 설치·정비원
811106,기계/금속/재료,기타 공업기계 설치·정비원
811200,기계/금속/재료,승강기 설치·정비원
811201,기계/금속/재료,엘리베이터 설치·정비원
811202,기계/금속/재료,에스컬레이터 설치·정비원(무빙워크 포함)
811203,기계/금속/재료,"기타 승강기 설치·정비원(휠체어리프트, 자동문 포함)"
811300,기계/금속/재료,물품이동장비 설치·정비원
811301,기계/금속/재료,크레인·호이스트 설치·정비원
811302,기계/금속/재료,지게차 정비원
811400,기계/금속/재료,냉동·냉장·공조기 설치·정비원
811401,기계/금속/재료,산업용 냉동·냉장·공조기 설치·정비원
811402,기계/금속/재료,건물·가정용 냉동·냉장·공조기 설치·정비원
811500,기계/금속/재료,보일러 설치·정비원
811501,기계/금속/재료,산업용 보일러 설치·수리원
811502,기계/금속/재료,건물·가정용 보일러 설치·수리원
811600,기계/금속/재료,건설·광업용 기계 설치·정비원
811900,기계/금속/재료,농업용 및 기타 기계장비 설치 및 정비원
812100,기계/금속/재료,항공기 정비원
812200,기계/금속/재료,선박 정비원
812300,기계/금속/재료,철도기관차·전동차 정비원
812400,기계/금속/재료,자동차 정비원
812401,기계/금속/재료,자동차 엔진·섀시·전기·전자 정비원
812402,기계/금속/재료,자동차 차체·판금·도장 정비원
812403,기계/금속/재료,자동차 경정비원
812404,기계/금속/재료,자동차 튜닝원
812900,기계/금속/재료,오토바이·자전거 및 기타 운송장비 정비원
813100,기계/금속/재료,금형원
813101,기계/금속/재료,프레스 금형 제조원
813102,기계/금속/재료,플라스틱 금형 제조원
813103,기계/금속/재료,다이캐스팅 금형 제조원
813104,기계/금속/재료,캐드캠 기능원
813105,기계/금속/재료,금형제조 보조원
813200,기계/금속/재료,금속 공작기계 조작원
813201,기계/금속/재료,CNC 선반 조작원(NC 선반 조작원)
813202,기계/금속/재료,범용 선반 조작원
813203,기계/금속/재료,CNC 밀링기 조작원(NC 밀링기 조작원)
813204,기계/금속/재료,범용 밀링기조작원
813205,기계/금속/재료,드릴링기 및 보링기 조작원
813206,기계/금속/재료,연삭기 및 연마(광택)기 조작원
813207,기계/금속/재료,프레스기 및 절단기 조작원
813208,기계/금속/재료,톱기계 조작원
813209,기계/금속/재료,금속절곡기 조작원(밴딩기 조작원)
813210,기계/금속/재료,머시닝센터(MCT) 조작원
813211,기계/금속/재료,방전기 및 와이어컷 방전기 조작원
813212,기계/금속/재료,레이저 절단원
813213,기계/금속/재료,기타 금속공작기계 조작원 및 보조원
821200,기계/금속/재료,금속가공 기계 조작원
814000,기계/금속/재료,냉·난방 설비 조작원
814001,기계/금속/재료,산업용 냉난방 설비 조작원
814002,기계/금속/재료,건물용 냉난방 설비 조작원
815000,기계/금속/재료,자동조립라인·산업용로봇 조작원
815001,기계/금속/재료,자동조립라인 조작원
815002,기계/금속/재료,산업용 로봇 조작원
834000,기계/금속/재료,전기·전자 설비 조작원
816100,기계/금속/재료,일반기계 조립원
816101,기계/금속/재료,공작기계 조립·검사원
816102,기계/금속/재료,공업기계 조립·검사원(공작기계 제외)
816103,기계/금속/재료,건설·광업·농업 기계 조립·검사원
816104,기계/금속/재료,공구 조립·검사원
816105,기계/금속/재료,기타 기계 조립·검사원
816200,기계/금속/재료,금속기계부품 조립원
817100,기계/금속/재료,자동차 조립·검사원
817200,기계/금속/재료,자동차 부품 조립·검사원
817300,기계/금속/재료,항공기·선박·철도기관차·전동차 등 운송장비 조립·검사원
813200,기계/금속/재료,금속 공작기계 조작원
821100,기계/금속/재료,금속가공 제어장치 조작원(용광로·용해로·금속가열로)
821200,기계/금속/재료,금속가공 기계 조작원
821201,기계/금속/재료,압연기 조작원
821202,기계/금속/재료,금속 열처리로 조작원
821203,기계/금속/재료,인발·신선·연선·압출기 조작원
821204,기계/금속/재료,금속가공 검사원
703101,기계/금속/재료,"건축 배관공(옥내급수관,상하수배관,위생 배관)"
703102,기계/금속/재료,가스 배관공(가스관 설치원)
703200,기계/금속/재료,"공업 배관공(플랜트,항공,선박,철도차량)"
703902,기계/금속/재료,배관 보조원
822100,기계/금속/재료,판금원(덕트원 포함)
822201,기계/금속/재료,판금기 조작원
822202,기계/금속/재료,판금기 보조원(견습공)
822301,기계/금속/재료,제관원
822302,기계/금속/재료,제관 보조원(견습공)
822400,기계/금속/재료,제관기 조작원
823101,기계/금속/재료,단조원
823102,기계/금속/재료,단조 보조원(견습공)
823200,기계/금속/재료,단조기조작원
823300,기계/금속/재료,주조원
823301,기계/금속/재료,"주조원(목형원, 원형원, 주형원)"
823302,기계/금속/재료,주조 보조원(견습공)
703101,기계/금속/재료,"건축 배관공(옥내급수관,상하수배관,위생 배관)"
703102,기계/금속/재료,가스 배관공(가스관 설치원)
703200,기계/금속/재료,"공업 배관공(플랜트,항공,선박,철도차량)"
703902,기계/금속/재료,배관 보조원
823400,기계/금속/재료,주조기 조작원(다이캐스팅기 조작원 포함)
824100,기계/금속/재료,용접원
824101,기계/금속/재료,가스용접원(산소용접원)
824102,기계/금속/재료,"전기용접원(아크,알곤,티그용접원)"
824103,기계/금속/재료,화염절단원
824104,기계/금속/재료,조선용접원(조선취부사 포함)
824105,기계/금속/재료,납땜원
824106,기계/금속/재료,기타 용접원
824107,기계/금속/재료,용접 사상원 및 보조원
824200,기계/금속/재료,자동용접기 및 용접로봇 조작원
825100,기계/금속/재료,도장원(도장기조작원)
825101,기계/금속/재료,자동차 도장기 조작원
825102,기계/금속/재료,금속제품 도장기 조작원
825103,기계/금속/재료,가구 및 기타 도장기 조작원
825200,기계/금속/재료,도금·금속분무기 조작원
826100,기계/금속/재료,유리·유리제품 생산기계 조작원
826101,기계/금속/재료,유리 생산기계 조작원
826102,기계/금속/재료,유리제품 생산기계 조작원
826103,기계/금속/재료,렌즈 가공기계 조작원
826200,기계/금속/재료,점토제품 생산기계 조작원
826201,기계/금속/재료,도자기 생산기계 조작원
826202,기계/금속/재료,벽돌·타일 생산기계 조작원
826300,기계/금속/재료,시멘트·광물제품 생산기계 조작원
826400,기계/금속/재료,광석·석제품 생산기계 조작원
826900,기계/금속/재료,기타 비금속제품 생산기계 조작원
831100,전기/전자/정보통신,산업 전기공(항공기·선박·철도기관차·전동차 전기공)
831200,전기/전자/정보통신,내선 전기공
831201,전기/전자/정보통신,내선 전기공(건물 내 전기공사원)
831202,전기/전자/정보통신,조명기구 등 전기기기 설치·정비원
831203,전기/전자/정보통신,발전기 설치·정비원
831204,전기/전자/정보통신,전기·전자 제어장치 설치·정비원
831300,전기/전자/정보통신,외선 전기공
832100,전기/전자/정보통신,사무용 전자기기 설치·수리원(컴퓨터 제외)
832200,전기/전자/정보통신,가전제품 설치·수리원
832201,전기/전자/정보통신,TV·비디오·오디오 설치 및 수리원
832202,전기/전자/정보통신,냉장고·세탁기 설치 및 수리원
832203,전기/전자/정보통신,에어컨·공기정화기 설치 및 수리원
832204,전기/전자/정보통신,정수기·냉온수기·비데 설치 및 수리원
832205,전기/전자/정보통신,그 외 가전제품 설치 및 수리원
832900,전기/전자/정보통신,기타 전기·전자 기기 설치·수리원
832901,전기/전자/정보통신,감시카메라 및 보안장치 설치·수리원
832902,전기/전자/정보통신,현금인출기 설치·수리원
832903,전기/전자/정보통신,포스시스템 설치·수리원(POS 설치 및 수리원)
832904,전기/전자/정보통신,의료기기·장비 설치·수리원
832905,전기/전자/정보통신,시계·카메라·광학기구 수리원
832906,전기/전자/정보통신,영상·음향기기 등 기타 전기·전자 기기 설치·수리원
841100,전기/전자/정보통신,컴퓨터 설치·수리원(컴퓨터A/S원)
841200,전기/전자/정보통신,핸드폰(휴대폰) 수리원
841900,전기/전자/정보통신,기타 정보통신기기 설치·수리원
814001,전기/전자/정보통신,산업용 냉난방 설비 조작원
814002,전기/전자/정보통신,건물용 냉난방 설비 조작원
833000,전기/전자/정보통신,발전·배전 장치 조작원
834000,전기/전자/정보통신,전기·전자 설비 조작원
834001,전기/전자/정보통신,아파트 전기관리원
834002,전기/전자/정보통신,빌딩 전기관리원
834003,전기/전자/정보통신,공장 전기관리원
834004,전기/전자/정보통신,기타 전기·전자 설비 조작원
835100,전기/전자/정보통신,전기 부품·제품 생산기계 조작원
835200,전기/전자/정보통신,전자 부품·제품 생산기계 조작원
817200,전기/전자/정보통신,자동차 부품 조립·검사원
836000,전기/전자/정보통신,전기·전자 부품·제품 조립원
836001,전기/전자/정보통신,전기 부품·제품 조립·검사원
836002,전기/전자/정보통신,PCB 부품·제품 조립·검사원
836003,전기/전자/정보통신,LCD 부품·제품 조립·검사원
836004,전기/전자/정보통신,LED 부품·제품 조립·검사원
836005,전기/전자/정보통신,통신기기 부품·제품 조립원(핸드폰)
836006,전기/전자/정보통신,기타 전자 부품·제품 조립·검사원
841100,전기/전자/정보통신,컴퓨터 설치·수리원(컴퓨터A/S원)
841200,전기/전자/정보통신,핸드폰(휴대폰) 수리원
841900,전기/전자/정보통신,기타 정보통신기기 설치·수리원
842100,전기/전자/정보통신,방송장비 설치·수리원
842200,전기/전자/정보통신,통신장비 설치·수리원
842300,전기/전자/정보통신,방송·통신·인터넷 케이블 설치·수리원
842301,전기/전자/정보통신,통신·인터넷 케이블 설치·수리원
842302,전기/전자/정보통신,방송 케이블 설치·수리원
851101,화학/환경/섬유/의복/식품,석유·천연가스 제조 제어장치 조작원
851102,화학/환경/섬유/의복/식품,폐유·재생유 처리 제어장치 조작원
851200,화학/환경/섬유/의복/식품,화학물 가공장치 조작원
851900,화학/환경/섬유/의복/식품,기타 석유·화학물 가공장치 조작원
852100,화학/환경/섬유/의복/식품,타이어·고무제품 생산기계 조작원
852101,화학/환경/섬유/의복/식품,고무 사출성형기 조작원
852102,화학/환경/섬유/의복/식품,고무 압출성형기 조작원
852103,화학/환경/섬유/의복/식품,고무 프레스기 조작원
852104,화학/환경/섬유/의복/식품,타이어 생산기계 조작원
852200,화학/환경/섬유/의복/식품,플라스틱제품 생산기계 조작원
852201,화학/환경/섬유/의복/식품,플라스틱 사출성형기 조작원
852202,화학/환경/섬유/의복/식품,플라스틱 압출성형기 조작원
852300,화학/환경/섬유/의복/식품,화학제품 생산기계 조작원(고무·플라스틱 제외)
852301,화학/환경/섬유/의복/식품,도료·잉크제품 생산기계 조작원
852302,화학/환경/섬유/의복/식품,화장품·비누제품 생산기계 조작원
852303,화학/환경/섬유/의복/식품,의약품 생산기계 조작원
852304,화학/환경/섬유/의복/식품,농약·비료 생산기계 조작원
852305,화학/환경/섬유/의복/식품,기타 화학제품 생산기계 조작원
852400,화학/환경/섬유/의복/식품,고무·플라스틱 제품 조립원
852401,화학/환경/섬유/의복/식품,고무제품 조립원 및 검사원
852402,화학/환경/섬유/의복/식품,플라스틱제품 조립원 및 검사원
853100,화학/환경/섬유/의복/식품,상·하수도 처리장치 조작원
853101,화학/환경/섬유/의복/식품,물펌프·정수 처리장치 조작원
853102,화학/환경/섬유/의복/식품,하수·폐수 처리장치 조작원
853103,화학/환경/섬유/의복/식품,"기타 상·하수도 처리장치 조작원(댐수문, 저수지)"
853200,화학/환경/섬유/의복/식품,재활용 처리장치·소각로 조작원
853201,화학/환경/섬유/의복/식품,소각로 조작원
853202,화학/환경/섬유/의복/식품,재활용 처리장치 조작원
861100,화학/환경/섬유/의복/식품,"섬유 제조기계 조작원(방적,방사,연사,합사,권사기 등)"
861200,화학/환경/섬유/의복/식품,직조기·편직기 조작원
861201,화학/환경/섬유/의복/식품,제직기(직조기) 조작원
861202,화학/환경/섬유/의복/식품,편직기 조작원
861203,화학/환경/섬유/의복/식품,"기타 직조기·편직기 조작원(정단,정경,연경,통경기 등)"
861204,화학/환경/섬유/의복/식품,섬유가공 준비 및 후가공 처리원
861300,화학/환경/섬유/의복/식품,표백·염색기 조작원
861301,화학/환경/섬유/의복/식품,염색 준비 및 조색기 조작원
861302,화학/환경/섬유/의복/식품,정련·표백기 조작원
861303,화학/환경/섬유/의복/식품,염색기 조작원
861304,화학/환경/섬유/의복/식품,날염기 조작원(나염기)
415201,화학/환경/섬유/의복/식품,의상 디자이너
862100,화학/환경/섬유/의복/식품,패턴사
862200,화학/환경/섬유/의복/식품,재단사
862300,화학/환경/섬유/의복/식품,재봉사
862301,화학/환경/섬유/의복/식품,재봉사(의류·직물)
862302,화학/환경/섬유/의복/식품,가죽·모피·신발 재봉사
862303,화학/환경/섬유/의복/식품,기계 자수원
862900,화학/환경/섬유/의복/식품,의복·직물 검사 등 기타 섬유·가죽 기능원
863100,화학/환경/섬유/의복/식품,한복 제조원
863200,화학/환경/섬유/의복/식품,양장·양복 제조원
863300,화학/환경/섬유/의복/식품,모피·가죽의복 제조원
863400,화학/환경/섬유/의복/식품,의복·가죽·모피 수선원
863900,화학/환경/섬유/의복/식품,기타 의복 제조원
864100,화학/환경/섬유/의복/식품,제화원
864200,화학/환경/섬유/의복/식품,신발 제조기계 조작원 및 조립원
864300,화학/환경/섬유/의복/식품,세탁 기계 조작원
864900,화학/환경/섬유/의복/식품,기타 직물·신발 기계 조작원 및 조립원
531201,화학/환경/섬유/의복/식품,한식 조리사(일반 음식점)
871100,화학/환경/섬유/의복/식품,제과·제빵원
871200,화학/환경/섬유/의복/식품,떡 제조원(한과 포함)
532301,화학/환경/섬유/의복/식품,주방 보조원(일반 음식점)
872100,화학/환경/섬유/의복/식품,정육원 및 도축원
872101,화학/환경/섬유/의복/식품,도축원
872102,화학/환경/섬유/의복/식품,정육원
872200,화학/환경/섬유/의복/식품,김치·밑반찬 제조 종사원
872300,화학/환경/섬유/의복/식품,식품·담배 등급원
872900,화학/환경/섬유/의복/식품,"기타 식품가공 종사원 (건강원,탕제원)"
873100,화학/환경/섬유/의복/식품,육류·어패류·낙농품 가공기계 조작원
873101,화학/환경/섬유/의복/식품,육류 가공기계 조작원
873102,화학/환경/섬유/의복/식품,어패류(수산물) 가공기계 조작원
873103,화학/환경/섬유/의복/식품,낙농품 가공기계 조작원
873200,화학/환경/섬유/의복/식품,제분·도정 기계 조작원
873300,화학/환경/섬유/의복/식품,곡물 가공제품 기계 조작원
873301,화학/환경/섬유/의복/식품,과자·빵·떡·캔디·초콜릿 제조기계 조작원
873302,화학/환경/섬유/의복/식품,두부 및 유사제품 생산기계 조작원
873303,화학/환경/섬유/의복/식품,국수 및 면류제품 생산기계 조작원
873400,화학/환경/섬유/의복/식품,과실·채소 기계 조작원
873500,화학/환경/섬유/의복/식품,음료 제조기계 조작원
873900,화학/환경/섬유/의복/식품,"기타 식품가공기계 조작원(유지, 장류, 조미식품, 설탕, 커피, 담배 등)"
881100,인쇄/목재/공예,인쇄기계 조작원
881101,인쇄/목재/공예,인쇄판·인쇄필름 출력원
881102,인쇄/목재/공예,오프셋·윤전 인쇄기 조작원
881103,인쇄/목재/공예,그라비어 인쇄기 조작원
881104,인쇄/목재/공예,스크린 인쇄기 조작원(실크스크린 포함)
881105,인쇄/목재/공예,디지털 및 기타 인쇄기 조작원
881106,인쇄/목재/공예,인쇄 후가공원
881107,인쇄/목재/공예,제책·제본기 조작원
881200,인쇄/목재/공예,사진 인화·현상기 조작원(사진수정 포함)
882101,인쇄/목재/공예,목재 가공기계 조작원
882102,인쇄/목재/공예,합판 제조기계 조작원
882200,인쇄/목재/공예,펄프·종이 제조장치 조작원
882300,인쇄/목재/공예,종이제품 생산기계 조작원
882900,인쇄/목재/공예,기타 목재·종이 기계 조작원
883100,인쇄/목재/공예,가구 제조·수리원
883101,인쇄/목재/공예,가구 제조원
883102,인쇄/목재/공예,가구 수리원
883200,인쇄/목재/공예,가구 조립원
883300,인쇄/목재/공예,목제품 제조원
884100,인쇄/목재/공예,공예원
884200,인쇄/목재/공예,귀금속·보석 세공원
885100,인쇄/목재/공예,악기 제조원 및 조율사
885200,인쇄/목재/공예,간판 제작·설치원
885300,인쇄/목재/공예,"유리기능, 복사, 수제 제본 등 기타 기능 종사원"
885900,인쇄/목재/공예,주입·포장·상표부착기 및 기타 기계 조작원
885901,인쇄/목재/공예,드론 조작원
885902,인쇄/목재/공예,주입·포장·상표부착기 등 기타 기계 조작원
816200,인쇄/목재/공예,금속기계부품 조립원
824107,인쇄/목재/공예,용접 사상원 및 보조원
836000,인쇄/목재/공예,전기·전자 부품·제품 조립원
852401,인쇄/목재/공예,고무제품 조립원 및 검사원
852402,인쇄/목재/공예,플라스틱제품 조립원 및 검사원
862200,인쇄/목재/공예,재단사
862301,인쇄/목재/공예,재봉사(의류·직물)
862900,인쇄/목재/공예,의복·직물 검사 등 기타 섬유·가죽 기능원
890000,인쇄/목재/공예,제조 단순 종사원
890001,인쇄/목재/공예,기계·금속 분야 단순 종사원
890002,인쇄/목재/공예,단순 사상원(용접사상 제외-용접원구분)
890003,인쇄/목재/공예,화학·환경·에너지 분야 단순 종사원
890004,인쇄/목재/공예,섬유·의복 분야 단순 종사원
890005,인쇄/목재/공예,전기·전자 분야 단순 종사원
890006,인쇄/목재/공예,식품 분야 단순 종사원
890007,인쇄/목재/공예,"인쇄, 목재, 가구 및 기타 제조 분야 단순 종사원"
901100,농림어업직,곡식작물 재배원
901200,농림어업직,채소·특용작물 재배원
901300,농림어업직,과수작물 재배원
901400,농림어업직,원예작물 재배원
901500,농림어업직,조경원
901501,농림어업직,조경 식재원
901502,농림어업직,식물 관리원
414901,농림어업직,조련사(공연)·마술사 등 기타 시각 및 공연 예술가
420406,농림어업직,"프로모터, 경주마 조련사 등 기타 스프츠 관련 전문가"
511502,농림어업직,반려동물 훈련사(맹인견 조련사 포함)
902100,농림어업직,낙농 종사원
902200,농림어업직,가축 사육 종사원
902900,농림어업직,기타 사육 종사원(양봉·감별·동물원사육·실험동물사육 등)
903100,농림어업직,조림·산림경영인 및 벌목원
903900,농림어업직,임산물 채취 및 기타 임업 종사원
904100,농림어업직,양식원
904200,농림어업직,어부 및 해녀
905000,농림어업직,농림어업 단순 종사원
905001,농림어업직,농업 단순 종사원
905002,농림어업직,"임업 단순 종사원(산림보호감시, 산불감시원 등)"
905003,농림어업직,어업 단순 종사원
